{"cameraMode":{"drawMode":0,"name":"Shaded","section":"Shading Mode"},"sceneLighting":false,"audioPlay":false,"sceneViewState":{"m_AlwaysRefresh":false,"showFog":true,"showSkybox":true,"showFlares":true,"showImageEffects":true,"showParticleSystems":true,"showVisualEffectGraphs":true,"m_FxEnabled":true},"in2DMode":false,"pivot":{"x":-1.2198631763458253,"y":3.217020034790039,"z":1.1487665176391602},"rotation":{"x":0.030823318287730218,"y":-0.8482908010482788,"z":0.049681734293699267,"w":0.5262935757637024},"size":8.317895889282227,"orthographic":true}